Jn:,I:,Jn:ܓx,Jn:ox,I:ܓx,I:ox,l[l],,f_o:,f_o:n,f_:s{,f_:n
2018-01-01T00:00:00+9:00,2019-01-01T00:00:00+9:00,35.553333,139.781111,42.775,141.692222,442.8197,Hc - V,03_ہiHcj`,02_֓,01_V΋`,01_kC
2018-01-01T00:00:00+9:00,2019-01-01T00:00:00+9:00,42.775,141.692222,35.553333,139.781111,452.1284,V - Hc,01_V΋`,01_kC,03_ہiHcj`,02_֓
2018-01-01T00:00:00+9:00,2019-01-01T00:00:00+9:00,35.553333,139.781111,34.784444,135.439167,257.6735,Hc - ,03_ہiHcj`,02_֓,04_㍑ۋ`,03_ߋE
2018-01-01T00:00:00+9:00,2019-01-01T00:00:00+9:00,34.784444,135.439167,35.553333,139.781111,260.9079, - Hc,04_㍑ۋ`,03_ߋE,03_ہiHcj`,02_֓
2018-01-01T00:00:00+9:00,2019-01-01T00:00:00+9:00,35.553333,139.781111,34.434167,135.232778,60.805,Hc - ֐,03_ہiHcj`,02_֓,05_֐ۋ`,03_ߋE
2018-01-01T00:00:00+9:00,2019-01-01T00:00:00+9:00,34.434167,135.232778,35.553333,139.781111,62.9498,֐ - Hc,05_֐ۋ`,03_ߋE,03_ہiHcj`,02_֓
2018-01-01T00:00:00+9:00,2019-01-01T00:00:00+9:00,35.553333,139.781111,33.584444,130.451667,406.2915,Hc - ,03_ہiHcj`,02_֓,06_`,04_B
2018-01-01T00:00:00+9:00,2019-01-01T00:00:00+9:00,33.584444,130.451667,35.553333,139.781111,413.5559, - Hc,06_`,04_B,03_ہiHcj`,02_֓
2018-01-01T00:00:00+9:00,2019-01-01T00:00:00+9:00,35.553333,139.781111,26.205556,127.650833,270.7415,Hc - ߔe,03_ہiHcj`,02_֓,07_ߔe`,05_
2018-01-01T00:00:00+9:00,2019-01-01T00:00:00+9:00,26.205556,127.650833,35.553333,139.781111,273.7896,ߔe - Hc,07_ߔe`,05_,03_ہiHcj`,02_֓
2018-01-01T00:00:00+9:00,2019-01-01T00:00:00+9:00,35.763889,140.391667,42.775,141.692222,85.3766,c - V,02_cۋ`,02_֓,01_V΋`,01_kC
2018-01-01T00:00:00+9:00,2019-01-01T00:00:00+9:00,42.775,141.692222,35.763889,140.391667,85.3286,V - c,01_V΋`,01_kC,02_cۋ`,02_֓
2018-01-01T00:00:00+9:00,2019-01-01T00:00:00+9:00,35.763889,140.391667,34.784444,135.439167,22.1418,c - ,02_cۋ`,02_֓,04_㍑ۋ`,03_ߋE
2018-01-01T00:00:00+9:00,2019-01-01T00:00:00+9:00,34.784444,135.439167,35.763889,140.391667,23.9198, - c,04_㍑ۋ`,03_ߋE,02_cۋ`,02_֓
2018-01-01T00:00:00+9:00,2019-01-01T00:00:00+9:00,35.763889,140.391667,34.434167,135.232778,41.377,c - ֐,02_cۋ`,02_֓,05_֐ۋ`,03_ߋE
2018-01-01T00:00:00+9:00,2019-01-01T00:00:00+9:00,34.434167,135.232778,35.763889,140.391667,42.1015,֐ - c,05_֐ۋ`,03_ߋE,02_cۋ`,02_֓
2018-01-01T00:00:00+9:00,2019-01-01T00:00:00+9:00,35.763889,140.391667,33.584444,130.451667,56.8431,c - ,02_cۋ`,02_֓,06_`,04_B
2018-01-01T00:00:00+9:00,2019-01-01T00:00:00+9:00,33.584444,130.451667,35.763889,140.391667,57.1234, - c,06_`,04_B,02_cۋ`,02_֓
2018-01-01T00:00:00+9:00,2019-01-01T00:00:00+9:00,35.763889,140.391667,26.205556,127.650833,40.8239,c - ߔe,02_cۋ`,02_֓,07_ߔe`,05_
2018-01-01T00:00:00+9:00,2019-01-01T00:00:00+9:00,26.205556,127.650833,35.763889,140.391667,41.2219,ߔe - c,07_ߔe`,05_,02_cۋ`,02_֓
2018-01-01T00:00:00+9:00,2019-01-01T00:00:00+9:00,34.784444,135.439167,42.775,141.692222,53.1942, - V,04_㍑ۋ`,03_ߋE,01_V΋`,01_kC
2018-01-01T00:00:00+9:00,2019-01-01T00:00:00+9:00,42.775,141.692222,34.784444,135.439167,53.5869,V - ,01_V΋`,01_kC,04_㍑ۋ`,03_ߋE
2018-01-01T00:00:00+9:00,2019-01-01T00:00:00+9:00,34.784444,135.439167,33.584444,130.451667,28.6216, - ,04_㍑ۋ`,03_ߋE,06_`,04_B
2018-01-01T00:00:00+9:00,2019-01-01T00:00:00+9:00,33.584444,130.451667,34.784444,135.439167,28.3628, - ,06_`,04_B,04_㍑ۋ`,03_ߋE
2018-01-01T00:00:00+9:00,2019-01-01T00:00:00+9:00,34.784444,135.439167,26.205556,127.650833,53.8877, - ߔe,04_㍑ۋ`,03_ߋE,07_ߔe`,05_
2018-01-01T00:00:00+9:00,2019-01-01T00:00:00+9:00,26.205556,127.650833,34.784444,135.439167,55.2141,ߔe - ,07_ߔe`,05_,04_㍑ۋ`,03_ߋE
2018-01-01T00:00:00+9:00,2019-01-01T00:00:00+9:00,34.434167,135.232778,42.775,141.692222,55.3382,֐ - V,05_֐ۋ`,03_ߋE,01_V΋`,01_kC
2018-01-01T00:00:00+9:00,2019-01-01T00:00:00+9:00,42.775,141.692222,34.434167,135.232778,56.5973,V - ֐,01_V΋`,01_kC,05_֐ۋ`,03_ߋE
2018-01-01T00:00:00+9:00,2019-01-01T00:00:00+9:00,34.434167,135.232778,33.584444,130.451667,26.6476,֐ - ,05_֐ۋ`,03_ߋE,06_`,04_B
2018-01-01T00:00:00+9:00,2019-01-01T00:00:00+9:00,33.584444,130.451667,34.434167,135.232778,26.8214, - ֐,06_`,04_B,05_֐ۋ`,03_ߋE
2018-01-01T00:00:00+9:00,2019-01-01T00:00:00+9:00,34.434167,135.232778,26.205556,127.650833,57.547,֐ - ߔe,05_֐ۋ`,03_ߋE,07_ߔe`,05_
2018-01-01T00:00:00+9:00,2019-01-01T00:00:00+9:00,26.205556,127.650833,34.434167,135.232778,57.7681,ߔe - ֐,07_ߔe`,05_,05_֐ۋ`,03_ߋE
2018-01-01T00:00:00+9:00,2019-01-01T00:00:00+9:00,33.584444,130.451667,42.775,141.692222,24.4929, - V,06_`,04_B,01_V΋`,01_kC
2018-01-01T00:00:00+9:00,2019-01-01T00:00:00+9:00,42.775,141.692222,33.584444,130.451667,25.0797,V - ,01_V΋`,01_kC,06_`,04_B
2018-01-01T00:00:00+9:00,2019-01-01T00:00:00+9:00,33.584444,130.451667,26.205556,127.650833,89.338, - ߔe,06_`,04_B,07_ߔe`,05_
2018-01-01T00:00:00+9:00,2019-01-01T00:00:00+9:00,26.205556,127.650833,33.584444,130.451667,86.1278,ߔe - ,07_ߔe`,05_,06_`,04_B
2018-01-01T00:00:00+9:00,2019-01-01T00:00:00+9:00,42.775,141.692222,26.205556,127.650833,4.4563,V - ߔe,01_V΋`,01_kC,07_ߔe`,05_
2018-01-01T00:00:00+9:00,2019-01-01T00:00:00+9:00,26.205556,127.650833,42.775,141.692222,4.4616,ߔe - V,07_ߔe`,05_,01_V΋`,01_kC
